{"cameraMode":{"drawMode":0,"name":"Shaded","section":"Shading Mode"},"sceneLighting":true,"audioPlay":false,"sceneViewState":{"showFog":true,"showMaterialUpdate":true,"showSkybox":true,"showFlares":true,"showImageEffects":true,"showParticleSystems":true},"in2DMode":false,"pivot":{"x":806.3731079101563,"y":24.59925079345703,"z":394.70294189453127},"rotation":{"x":-0.21534797549247743,"y":0.7458111047744751,"z":-0.28585755825042727,"w":-0.5618510246276856},"size":68.80229949951172,"orthographic":false}