{"cameraMode":{"drawMode":0,"name":"Shaded","section":"Shading Mode"},"sceneLighting":false,"audioPlay":false,"sceneViewState":{"showFog":false,"showMaterialUpdate":false,"showSkybox":true,"showFlares":true,"showImageEffects":true,"showParticleSystems":true},"in2DMode":false,"pivot":{"x":535.0597534179688,"y":194.2140350341797,"z":529.8169555664063},"rotation":{"x":0.005299899261444807,"y":-0.9596576690673828,"z":0.28053608536720278,"w":0.018129520118236543},"size":295.8295593261719,"orthographic":false}