{"cameraMode":{"drawMode":0,"name":"Shaded","section":"Shading Mode"},"sceneLighting":false,"audioPlay":false,"sceneViewState":{"showFog":false,"showMaterialUpdate":false,"showSkybox":false,"showFlares":true,"showImageEffects":true,"showParticleSystems":true},"in2DMode":false,"pivot":{"x":63.70545196533203,"y":60.39362716674805,"z":62.91838455200195},"rotation":{"x":0.057641562074422839,"y":-0.8985726237297058,"z":0.4169052243232727,"w":0.12423688918352127},"size":283.3890075683594,"orthographic":false}