{"cameraMode":{"drawMode":0,"name":"Shaded","section":"Shading Mode"},"sceneLighting":false,"audioPlay":false,"sceneViewState":{"showFog":false,"showMaterialUpdate":false,"showSkybox":true,"showFlares":true,"showImageEffects":true,"showParticleSystems":true},"in2DMode":false,"pivot":{"x":355.9874572753906,"y":113.04065704345703,"z":413.97900390625},"rotation":{"x":0.10768278688192368,"y":-0.8863263130187988,"z":0.368382066488266,"w":0.25908440351486208},"size":170.4829864501953,"orthographic":false}