{"cameraMode":{"drawMode":0,"name":"Shaded","section":"Shading Mode"},"sceneLighting":true,"audioPlay":false,"sceneViewState":{"showFog":true,"showMaterialUpdate":true,"showSkybox":true,"showFlares":true,"showImageEffects":true,"showParticleSystems":true},"in2DMode":false,"pivot":{"x":394.1816101074219,"y":204.28575134277345,"z":252.53656005859376},"rotation":{"x":-0.009361718781292439,"y":0.9709274172782898,"z":-0.23607146739959718,"w":-0.03850492089986801},"size":516.2593383789063,"orthographic":false}