{"cameraMode":{"drawMode":0,"name":"Shaded","section":"Shading Mode"},"sceneLighting":true,"audioPlay":false,"sceneViewState":{"showFog":true,"showMaterialUpdate":true,"showSkybox":true,"showFlares":true,"showImageEffects":true,"showParticleSystems":true},"in2DMode":false,"pivot":{"x":436.7060241699219,"y":304.1241455078125,"z":560.40673828125},"rotation":{"x":-0.007815559394657612,"y":0.9664450883865356,"z":-0.2550404965877533,"w":-0.02961793541908264},"size":330.1983642578125,"orthographic":false}