{"cameraMode":{"drawMode":0,"name":"Shaded","section":"Shading Mode"},"sceneLighting":false,"audioPlay":false,"sceneViewState":{"showFog":true,"showMaterialUpdate":true,"showSkybox":false,"showFlares":true,"showImageEffects":true,"showParticleSystems":true},"in2DMode":false,"pivot":{"x":124.07760620117188,"y":-4.88516902923584,"z":88.90364074707031},"rotation":{"x":0.09185371547937393,"y":-0.7410336136817932,"z":0.1035960465669632,"w":0.6570388078689575},"size":55.466224670410159,"orthographic":false}